{"stats":{"minecraft:mined":{"minecraft:cobweb":2},"minecraft:killed_by":{"minecraft:zombie":1,"minecraft:parrot":1},"minecraft:killed":{"minecraft:skeleton":2,"minecraft:zombie":4,"minecraft:spider":2,"minecraft:cod":1,"minecraft:cow":1},"minecraft:picked_up":{"minecraft:netherite_boots":1,"minecraft:yellow_shulker_box":2,"minecraft:enchanted_book":1,"minecraft:gray_shulker_box":1,"minecraft:netherite_leggings":1,"minecraft:string":3,"minecraft:netherite_helmet":1,"minecraft:netherite_sword":1,"minecraft:netherite_axe":1,"minecraft:totem_of_undying":3,"minecraft:netherite_chestplate":1,"minecraft:cobblestone":4},"minecraft:dropped":{"minecraft:enchanted_book":3,"minecraft:red_shulker_box":1,"minecraft:lime_shulker_box":1,"minecraft:light_gray_shulker_box":1,"minecraft:netherite_axe":1,"minecraft:yellow_shulker_box":9,"minecraft:netherite_chestplate":1,"minecraft:cobblestone":4,"minecraft:green_shulker_box":1,"minecraft:string":3,"minecraft:totem_of_undying":5},"minecraft:custom":{"minecraft:time_since_rest":30955,"minecraft:walk_one_cm":52349,"minecraft:damage_taken":31318,"minecraft:sprint_one_cm":44637,"minecraft:damage_absorbed":7675,"minecraft:damage_blocked_by_shield":2130,"minecraft:mob_kills":10,"minecraft:drop":28,"minecraft:damage_dealt":2764,"minecraft:swim_one_cm":243952,"minecraft:fly_one_cm":331414,"minecraft:open_barrel":6,"minecraft:crouch_one_cm":2376,"minecraft:play_time":49587,"minecraft:deaths":2,"minecraft:sneak_time":1224,"minecraft:walk_under_water_one_cm":105352,"minecraft:jump":438,"minecraft:walk_on_water_one_cm":1242,"minecraft:leave_game":6,"minecraft:time_since_death":30934,"minecraft:total_world_time":49587,"minecraft:climb_one_cm":5327,"minecraft:damage_resisted":11783,"minecraft:fall_one_cm":118325},"minecraft:used":{"minecraft:trident":52,"minecraft:netherite_sword":54,"minecraft:netherite_chestplate":2,"minecraft:shield":7,"minecraft:totem_of_undying":66,"minecraft:netherite_boots":2,"minecraft:bow":7,"minecraft:netherite_leggings":2,"minecraft:netherite_helmet":2,"minecraft:enchanted_golden_apple":20}},"DataVersion":2975}