{"stats":{"minecraft:mined":{"minecraft:cobweb":1},"minecraft:killed_by":{"minecraft:cow":2,"minecraft:zombie":5},"minecraft:crafted":{"minecraft:stone_bricks":64},"minecraft:killed":{"minecraft:skeleton":2,"minecraft:wolf":2,"minecraft:zombie":14,"minecraft:spider":4,"minecraft:drowned":1,"minecraft:creeper":1,"minecraft:cow":1},"minecraft:picked_up":{"minecraft:netherite_boots":2,"minecraft:yellow_shulker_box":6,"minecraft:stone":128,"minecraft:netherite_pickaxe":1,"minecraft:netherite_leggings":2,"minecraft:gray_shulker_box":1,"minecraft:experience_bottle":128,"minecraft:netherite_helmet":3,"minecraft:netherite_sword":1,"minecraft:netherite_axe":1,"minecraft:totem_of_undying":4,"minecraft:netherite_chestplate":2},"minecraft:dropped":{"minecraft:water_bucket":1,"minecraft:netherite_pickaxe":1,"minecraft:stone":153,"minecraft:shield":1,"minecraft:netherite_sword":3,"minecraft:yellow_shulker_box":9,"minecraft:netherite_axe":1,"minecraft:netherite_boots":4,"minecraft:netherite_chestplate":4,"minecraft:netherite_helmet":4,"minecraft:experience_bottle":256,"minecraft:stone_bricks":64,"minecraft:gray_shulker_box":1,"minecraft:arrow":1,"minecraft:white_shulker_box":1,"minecraft:totem_of_undying":2,"minecraft:golden_apple":63,"minecraft:netherite_leggings":4},"minecraft:custom":{"minecraft:time_since_rest":35841,"minecraft:damage_absorbed":10337,"minecraft:sprint_one_cm":54265,"minecraft:damage_taken":2147483647,"minecraft:walk_one_cm":53113,"minecraft:damage_blocked_by_shield":675,"minecraft:mob_kills":25,"minecraft:drop":46,"minecraft:damage_dealt":9082,"minecraft:swim_one_cm":10638,"minecraft:fly_one_cm":238994,"minecraft:crouch_one_cm":149,"minecraft:play_time":86792,"minecraft:deaths":23,"minecraft:sneak_time":337,"minecraft:walk_under_water_one_cm":19156,"minecraft:jump":766,"minecraft:leave_game":3,"minecraft:walk_on_water_one_cm":7293,"minecraft:time_since_death":35821,"minecraft:total_world_time":86792,"minecraft:damage_resisted":603996321,"minecraft:fall_one_cm":170489},"minecraft:used":{"minecraft:netherite_sword":107,"minecraft:netherite_chestplate":1,"minecraft:ender_pearl":31,"minecraft:shield":4,"minecraft:stone":57,"minecraft:totem_of_undying":81,"minecraft:netherite_boots":2,"minecraft:golden_apple":1,"minecraft:bow":29,"minecraft:netherite_leggings":1,"minecraft:netherite_helmet":1,"minecraft:enchanted_golden_apple":38,"minecraft:splash_potion":6}},"DataVersion":2975}