{"stats":{"minecraft:killed":{"minecraft:zombie":2},"minecraft:picked_up":{"minecraft:yellow_shulker_box":1,"minecraft:water_bucket":1},"minecraft:dropped":{"minecraft:water_bucket":1,"minecraft:netherite_pickaxe":1,"minecraft:yellow_shulker_box":5},"minecraft:custom":{"minecraft:time_since_rest":22,"minecraft:deaths":6,"minecraft:crouch_one_cm":1442,"minecraft:sprint_one_cm":43303,"minecraft:play_time":26980,"minecraft:walk_one_cm":25688,"minecraft:damage_taken":404125660,"minecraft:damage_absorbed":9774,"minecraft:sneak_time":1267,"minecraft:walk_under_water_one_cm":25508,"minecraft:mob_kills":2,"minecraft:drop":7,"minecraft:jump":443,"minecraft:damage_dealt":856,"minecraft:leave_game":3,"minecraft:time_since_death":0,"minecraft:walk_on_water_one_cm":9215,"minecraft:total_world_time":26980,"minecraft:damage_resisted":6713,"minecraft:swim_one_cm":9696,"minecraft:fall_one_cm":266737,"minecraft:fly_one_cm":505291},"minecraft:used":{"minecraft:netherite_sword":34,"minecraft:golden_apple":2,"minecraft:bow":21,"minecraft:ender_pearl":6,"minecraft:stone":27,"minecraft:enchanted_golden_apple":13,"minecraft:totem_of_undying":101}},"DataVersion":2975}