{"stats":{"minecraft:killed_by":{"minecraft:player":1,"minecraft:creeper":1,"minecraft:spider":2,"minecraft:zombie":1},"minecraft:killed":{"minecraft:skeleton":1,"minecraft:husk":1,"minecraft:zombie":3,"minecraft:silverfish":1,"minecraft:spider":1,"minecraft:enderman":4},"minecraft:picked_up":{"minecraft:stone":256,"minecraft:splash_potion":2,"minecraft:yellow_shulker_box":4,"minecraft:light_gray_shulker_box":2,"minecraft:water_bucket":1,"minecraft:enchanted_book":1,"minecraft:gray_shulker_box":1,"minecraft:experience_bottle":384,"minecraft:arrow":128,"minecraft:bow":2,"minecraft:slime_ball":1,"minecraft:diamond_axe":2,"minecraft:netherite_axe":2,"minecraft:totem_of_undying":1,"minecraft:ender_pearl":34},"minecraft:dropped":{"minecraft:water_bucket":1,"minecraft:enchanted_book":2,"minecraft:red_shulker_box":1,"minecraft:stone":320,"minecraft:shield":1,"minecraft:diamond_axe":3,"minecraft:light_gray_shulker_box":3,"minecraft:netherite_sword":3,"minecraft:experience_bottle":384,"minecraft:yellow_shulker_box":10,"minecraft:netherite_axe":1,"minecraft:green_shulker_box":1,"minecraft:bow":3,"minecraft:gray_shulker_box":2,"minecraft:arrow":193,"minecraft:white_shulker_box":1,"minecraft:totem_of_undying":3,"minecraft:splash_potion":2,"minecraft:light_blue_shulker_box":1},"minecraft:custom":{"minecraft:time_since_rest":427,"minecraft:walk_one_cm":86917,"minecraft:sprint_one_cm":254985,"minecraft:damage_absorbed":11679,"minecraft:damage_taken":2147483647,"minecraft:mob_kills":11,"minecraft:drop":53,"minecraft:damage_dealt":3395,"minecraft:damage_dealt_absorbed":24,"minecraft:fly_one_cm":601661,"minecraft:crouch_one_cm":1367,"minecraft:play_time":69649,"minecraft:deaths":5,"minecraft:sneak_time":1070,"minecraft:walk_under_water_one_cm":148,"minecraft:jump":1728,"minecraft:leave_game":1,"minecraft:walk_on_water_one_cm":1235,"minecraft:time_since_death":407,"minecraft:total_world_time":69649,"minecraft:damage_resisted":1811952658,"minecraft:fall_one_cm":80331},"minecraft:used":{"minecraft:netherite_sword":28,"minecraft:diamond_boots":1,"minecraft:netherite_chestplate":4,"minecraft:ender_pearl":65,"minecraft:totem_of_undying":76,"minecraft:golden_apple":1,"minecraft:netherite_boots":4,"minecraft:diamond_chestplate":1,"minecraft:diamond_sword":17,"minecraft:netherite_leggings":5,"minecraft:diamond_helmet":1,"minecraft:netherite_helmet":4,"minecraft:splash_potion":1,"minecraft:enchanted_golden_apple":80,"minecraft:diamond_leggings":1,"minecraft:experience_bottle":126}},"DataVersion":2975}