{"stats":{"minecraft:mined":{"minecraft:cobweb":4},"minecraft:killed_by":{"minecraft:player":1,"minecraft:skeleton":1,"minecraft:creeper":6,"minecraft:spider":2,"minecraft:zombie":8},"minecraft:killed":{"minecraft:wolf":18,"minecraft:husk":1,"minecraft:spider":15,"minecraft:cod":1,"minecraft:slime":3,"minecraft:creeper":1,"minecraft:skeleton":12,"minecraft:zombie":32,"minecraft:silverfish":1,"minecraft:cow":4},"minecraft:picked_up":{"minecraft:yellow_shulker_box":11,"minecraft:light_gray_shulker_box":2,"minecraft:water_bucket":1,"minecraft:green_shulker_box":2,"minecraft:string":9,"minecraft:experience_bottle":64,"minecraft:netherite_sword":1,"minecraft:lime_shulker_box":1,"minecraft:netherite_pickaxe":1,"minecraft:red_shulker_box":3,"minecraft:slime_ball":1,"minecraft:totem_of_undying":8,"minecraft:nether_star":1,"minecraft:cobblestone":4},"minecraft:broken":{"minecraft:netherite_helmet":2,"minecraft:netherite_chestplate":1,"minecraft:netherite_leggings":1,"minecraft:netherite_boots":2},"minecraft:dropped":{"minecraft:enchanted_book":9,"minecraft:water_bucket":1,"minecraft:netherite_pickaxe":3,"minecraft:lime_shulker_box":3,"minecraft:netherite_sword":2,"minecraft:netherite_helmet":1,"minecraft:netherite_axe":1,"minecraft:netherite_chestplate":1,"minecraft:cobblestone":2,"minecraft:enchanted_golden_apple":64,"minecraft:green_shulker_box":3,"minecraft:white_shulker_box":3,"minecraft:totem_of_undying":5,"minecraft:netherite_leggings":1,"minecraft:red_shulker_box":5,"minecraft:stone":64,"minecraft:light_gray_shulker_box":5,"minecraft:yellow_shulker_box":30,"minecraft:netherite_boots":1,"minecraft:black_shulker_box":1,"minecraft:slime_ball":1,"minecraft:gray_shulker_box":3,"minecraft:bow":1,"minecraft:string":5,"minecraft:light_blue_shulker_box":1},"minecraft:custom":{"minecraft:mob_kills":89,"minecraft:open_barrel":11,"minecraft:leave_game":3,"minecraft:time_since_death":397,"minecraft:damage_resisted":2147483647,"minecraft:time_since_rest":417,"minecraft:sprint_one_cm":242390,"minecraft:damage_taken":2147483647,"minecraft:walk_one_cm":268100,"minecraft:damage_absorbed":42486,"minecraft:drop":95,"minecraft:damage_dealt":29724,"minecraft:swim_one_cm":80277,"minecraft:fly_one_cm":1210679,"minecraft:crouch_one_cm":14890,"minecraft:play_time":220219,"minecraft:deaths":49,"minecraft:sneak_time":7393,"minecraft:walk_under_water_one_cm":181960,"minecraft:jump":2562,"minecraft:walk_on_water_one_cm":4904,"minecraft:total_world_time":220219,"minecraft:fall_one_cm":552201},"minecraft:used":{"minecraft:netherite_sword":201,"minecraft:netherite_chestplate":4,"minecraft:ender_pearl":62,"minecraft:stone":259,"minecraft:golden_apple":2,"minecraft:netherite_leggings":4,"minecraft:netherite_helmet":4,"minecraft:lingering_potion":1,"minecraft:totem_of_undying":374,"minecraft:netherite_boots":3,"minecraft:diamond_sword":12,"minecraft:bow":208,"minecraft:splash_potion":74,"minecraft:enchanted_golden_apple":128,"minecraft:experience_bottle":63}},"DataVersion":2975}