{"stats":{"minecraft:mined":{"minecraft:cobweb":2},"minecraft:killed_by":{"minecraft:skeleton":1,"minecraft:creeper":3,"minecraft:spider":2,"minecraft:zombie":5},"minecraft:killed":{"minecraft:skeleton":6,"minecraft:wolf":4,"minecraft:zombie":19,"minecraft:silverfish":1,"minecraft:spider":8,"minecraft:creeper":1,"minecraft:cow":3},"minecraft:picked_up":{"minecraft:yellow_shulker_box":7,"minecraft:light_gray_shulker_box":2,"minecraft:green_shulker_box":2,"minecraft:netherite_pickaxe":1,"minecraft:string":6,"minecraft:red_shulker_box":3,"minecraft:experience_bottle":64,"minecraft:slime_ball":1,"minecraft:totem_of_undying":8,"minecraft:cobblestone":2},"minecraft:dropped":{"minecraft:enchanted_book":5,"minecraft:red_shulker_box":4,"minecraft:netherite_pickaxe":2,"minecraft:stone":64,"minecraft:netherite_sword":1,"minecraft:netherite_helmet":1,"minecraft:lime_shulker_box":1,"minecraft:light_gray_shulker_box":4,"minecraft:netherite_chestplate":1,"minecraft:netherite_axe":1,"minecraft:yellow_shulker_box":18,"minecraft:netherite_boots":1,"minecraft:cobblestone":2,"minecraft:green_shulker_box":3,"minecraft:slime_ball":1,"minecraft:gray_shulker_box":2,"minecraft:bow":1,"minecraft:white_shulker_box":2,"minecraft:string":2,"minecraft:totem_of_undying":5,"minecraft:netherite_leggings":1},"minecraft:custom":{"minecraft:time_since_rest":3635,"minecraft:damage_taken":2147483647,"minecraft:sprint_one_cm":171421,"minecraft:walk_one_cm":140778,"minecraft:damage_absorbed":25659,"minecraft:mob_kills":42,"minecraft:drop":59,"minecraft:damage_dealt":18493,"minecraft:swim_one_cm":80277,"minecraft:fly_one_cm":695270,"minecraft:open_barrel":11,"minecraft:crouch_one_cm":5461,"minecraft:play_time":103645,"minecraft:deaths":40,"minecraft:sneak_time":2888,"minecraft:walk_under_water_one_cm":181960,"minecraft:jump":1554,"minecraft:leave_game":2,"minecraft:time_since_death":3631,"minecraft:walk_on_water_one_cm":4904,"minecraft:damage_resisted":1208002913,"minecraft:total_world_time":103645,"minecraft:fall_one_cm":394350},"minecraft:used":{"minecraft:netherite_sword":113,"minecraft:netherite_chestplate":4,"minecraft:ender_pearl":28,"minecraft:stone":127,"minecraft:totem_of_undying":240,"minecraft:netherite_boots":3,"minecraft:netherite_leggings":4,"minecraft:bow":59,"minecraft:netherite_helmet":4,"minecraft:lingering_potion":1,"minecraft:enchanted_golden_apple":65,"minecraft:splash_potion":6}},"DataVersion":2975}