{"stats":{"minecraft:crafted":{"minecraft:crafting_table":1,"minecraft:spruce_planks":20,"minecraft:stick":4,"minecraft:wooden_pickaxe":1},"minecraft:used":{"minecraft:dirt":3,"minecraft:crafting_table":1},"minecraft:custom":{"minecraft:time_since_rest":8628,"minecraft:crouch_one_cm":326,"minecraft:play_time":16687,"minecraft:sprint_one_cm":7244,"minecraft:walk_one_cm":9180,"minecraft:damage_taken":577,"minecraft:deaths":2,"minecraft:sneak_time":120,"minecraft:walk_under_water_one_cm":413,"minecraft:jump":83,"minecraft:damage_dealt":58,"minecraft:time_since_death":8292,"minecraft:walk_on_water_one_cm":2186,"minecraft:total_world_time":16687,"minecraft:interact_with_crafting_table":1,"minecraft:fly_one_cm":12510,"minecraft:fall_one_cm":3720},"minecraft:picked_up":{"minecraft:bone":2,"minecraft:spruce_log":5,"minecraft:dirt":6},"minecraft:mined":{"minecraft:grass":1,"minecraft:grass_block":3,"minecraft:dirt":3,"minecraft:spruce_leaves":1,"minecraft:spruce_log":5,"minecraft:fern":1},"minecraft:killed_by":{"minecraft:skeleton":1}},"DataVersion":3120}