{"stats":{"minecraft:picked_up":{"minecraft:yellow_shulker_box":2,"minecraft:totem_of_undying":1},"minecraft:dropped":{"minecraft:totem_of_undying":1,"minecraft:lime_shulker_box":1,"minecraft:yellow_shulker_box":2},"minecraft:custom":{"minecraft:jump":18,"minecraft:time_since_rest":11818,"minecraft:leave_game":1,"minecraft:crouch_one_cm":266,"minecraft:sprint_one_cm":3071,"minecraft:play_time":11818,"minecraft:time_since_death":11818,"minecraft:walk_one_cm":9077,"minecraft:sneak_time":36,"minecraft:total_world_time":11818,"minecraft:drop":4,"minecraft:fall_one_cm":613,"minecraft:fly_one_cm":2595}},"DataVersion":2975}