{"stats":{"minecraft:killed_by":{"minecraft:creeper":1,"minecraft:zombie":4},"minecraft:killed":{"minecraft:wolf":4,"minecraft:husk":1,"minecraft:spider":1,"minecraft:skeleton":5,"minecraft:zombie":6,"minecraft:cow":2},"minecraft:picked_up":{"minecraft:yellow_shulker_box":6,"minecraft:light_gray_shulker_box":1,"minecraft:enchanted_book":3,"minecraft:shield":3,"minecraft:green_shulker_box":1,"minecraft:netherite_leggings":1,"minecraft:experience_bottle":130,"minecraft:black_shulker_box":4,"minecraft:netherite_sword":1,"minecraft:gray_shulker_box":1,"minecraft:arrow":1,"minecraft:red_shulker_box":1,"minecraft:slime_ball":4,"minecraft:totem_of_undying":32,"minecraft:white_shulker_box":1,"minecraft:ender_pearl":64},"minecraft:broken":{"minecraft:shield":1},"minecraft:dropped":{"minecraft:enchanted_book":4,"minecraft:ender_pearl":16,"minecraft:lime_shulker_box":2,"minecraft:diamond_leggings":1,"minecraft:experience_bottle":192,"minecraft:green_shulker_box":2,"minecraft:white_shulker_box":2,"minecraft:totem_of_undying":11,"minecraft:red_shulker_box":3,"minecraft:stone":282,"minecraft:shield":3,"minecraft:diamond_chestplate":1,"minecraft:light_gray_shulker_box":3,"minecraft:yellow_shulker_box":34,"minecraft:diamond_helmet":1,"minecraft:black_shulker_box":5,"minecraft:diamond_boots":1,"minecraft:slime_ball":4,"minecraft:gray_shulker_box":3,"minecraft:arrow":1,"minecraft:bucket":1,"minecraft:splash_potion":2,"minecraft:light_blue_shulker_box":1},"minecraft:custom":{"minecraft:mob_kills":20,"minecraft:open_barrel":13,"minecraft:leave_game":2,"minecraft:time_since_death":11924,"minecraft:climb_one_cm":750,"minecraft:damage_resisted":2013312948,"minecraft:time_since_rest":11945,"minecraft:sprint_one_cm":382320,"minecraft:damage_taken":2147483647,"minecraft:walk_one_cm":194558,"minecraft:damage_absorbed":49312,"minecraft:damage_blocked_by_shield":29216,"minecraft:drop":92,"minecraft:damage_dealt":8227,"minecraft:swim_one_cm":132570,"minecraft:fly_one_cm":670030,"minecraft:crouch_one_cm":7264,"minecraft:play_time":130207,"minecraft:sneak_time":2996,"minecraft:deaths":9,"minecraft:walk_under_water_one_cm":61233,"minecraft:jump":2013,"minecraft:walk_on_water_one_cm":26827,"minecraft:total_world_time":130207,"minecraft:fall_one_cm":591275},"minecraft:used":{"minecraft:trident":27,"minecraft:water_bucket":16,"minecraft:netherite_sword":110,"minecraft:diamond_boots":1,"minecraft:netherite_chestplate":12,"minecraft:ender_pearl":60,"minecraft:shield":89,"minecraft:stone":38,"minecraft:golden_apple":27,"minecraft:netherite_leggings":12,"minecraft:netherite_helmet":12,"minecraft:diamond_helmet":1,"minecraft:lingering_potion":2,"minecraft:lava_bucket":1,"minecraft:totem_of_undying":456,"minecraft:netherite_boots":11,"minecraft:diamond_chestplate":1,"minecraft:bow":77,"minecraft:pufferfish_bucket":1,"minecraft:bucket":17,"minecraft:diamond_leggings":1,"minecraft:enchanted_golden_apple":121,"minecraft:splash_potion":2,"minecraft:experience_bottle":12}},"DataVersion":2975}