{"stats":{"minecraft:killed_by":{"minecraft:zombie":1},"minecraft:killed":{"minecraft:skeleton":4,"minecraft:zombie":1},"minecraft:picked_up":{"minecraft:yellow_shulker_box":3,"minecraft:enchanted_book":3,"minecraft:green_shulker_box":1,"minecraft:totem_of_undying":7},"minecraft:dropped":{"minecraft:enchanted_book":4,"minecraft:red_shulker_box":1,"minecraft:stone":64,"minecraft:lime_shulker_box":1,"minecraft:light_gray_shulker_box":1,"minecraft:yellow_shulker_box":10,"minecraft:green_shulker_box":1,"minecraft:totem_of_undying":1},"minecraft:custom":{"minecraft:time_since_rest":3822,"minecraft:sprint_one_cm":146081,"minecraft:damage_absorbed":12863,"minecraft:damage_taken":1570404576,"minecraft:walk_one_cm":39148,"minecraft:damage_blocked_by_shield":3580,"minecraft:mob_kills":5,"minecraft:drop":20,"minecraft:damage_dealt":1659,"minecraft:swim_one_cm":132570,"minecraft:fly_one_cm":99906,"minecraft:open_barrel":13,"minecraft:crouch_one_cm":461,"minecraft:play_time":29870,"minecraft:deaths":2,"minecraft:sneak_time":413,"minecraft:walk_under_water_one_cm":61233,"minecraft:jump":322,"minecraft:leave_game":1,"minecraft:time_since_death":3801,"minecraft:walk_on_water_one_cm":1822,"minecraft:climb_one_cm":48,"minecraft:total_world_time":29870,"minecraft:damage_resisted":201348930,"minecraft:fall_one_cm":228548},"minecraft:used":{"minecraft:trident":27,"minecraft:water_bucket":10,"minecraft:netherite_sword":9,"minecraft:netherite_chestplate":4,"minecraft:shield":15,"minecraft:totem_of_undying":115,"minecraft:netherite_boots":4,"minecraft:bow":53,"minecraft:netherite_leggings":4,"minecraft:pufferfish_bucket":1,"minecraft:bucket":11,"minecraft:netherite_helmet":4,"minecraft:lingering_potion":2,"minecraft:enchanted_golden_apple":38}},"DataVersion":2975}