{"stats":{"minecraft:killed_by":{"minecraft:player":1,"minecraft:skeleton":1,"minecraft:creeper":1,"minecraft:zombie":1},"minecraft:killed":{"minecraft:skeleton":3,"minecraft:wolf":3,"minecraft:zombie":3},"minecraft:picked_up":{"minecraft:splash_potion":3,"minecraft:yellow_shulker_box":4,"minecraft:stone":321,"minecraft:water_bucket":1,"minecraft:diamond_sword":1,"minecraft:light_blue_shulker_box":1,"minecraft:shield":1,"minecraft:green_shulker_box":1,"minecraft:gray_shulker_box":3,"minecraft:arrow":64,"minecraft:slime_ball":1,"minecraft:bow":1,"minecraft:diamond_axe":1,"minecraft:golden_apple":14,"minecraft:totem_of_undying":7,"minecraft:enchanted_golden_apple":64,"minecraft:ender_pearl":49},"minecraft:dropped":{"minecraft:diamond_sword":1,"minecraft:red_shulker_box":1,"minecraft:stone":128,"minecraft:shield":1,"minecraft:diamond_axe":1,"minecraft:ender_pearl":16,"minecraft:light_gray_shulker_box":1,"minecraft:yellow_shulker_box":10,"minecraft:arrow":65,"minecraft:enchanted_golden_apple":64,"minecraft:green_shulker_box":1,"minecraft:bow":1,"minecraft:gray_shulker_box":4,"minecraft:totem_of_undying":5,"minecraft:splash_potion":2,"minecraft:light_blue_shulker_box":1},"minecraft:custom":{"minecraft:time_since_rest":262,"minecraft:walk_one_cm":52649,"minecraft:damage_taken":2147483647,"minecraft:sprint_one_cm":262519,"minecraft:damage_absorbed":14384,"minecraft:damage_blocked_by_shield":580,"minecraft:mob_kills":9,"minecraft:drop":35,"minecraft:damage_dealt":2069,"minecraft:damage_dealt_absorbed":51,"minecraft:swim_one_cm":749,"minecraft:fly_one_cm":527742,"minecraft:player_kills":1,"minecraft:crouch_one_cm":4289,"minecraft:play_time":71167,"minecraft:deaths":5,"minecraft:sneak_time":1432,"minecraft:walk_under_water_one_cm":24,"minecraft:jump":1463,"minecraft:leave_game":1,"minecraft:walk_on_water_one_cm":2457,"minecraft:time_since_death":241,"minecraft:damage_resisted":1409293434,"minecraft:total_world_time":71167,"minecraft:fall_one_cm":110339},"minecraft:used":{"minecraft:water_bucket":4,"minecraft:netherite_sword":16,"minecraft:netherite_chestplate":1,"minecraft:ender_pearl":40,"minecraft:shield":2,"minecraft:stone":40,"minecraft:totem_of_undying":144,"minecraft:netherite_boots":1,"minecraft:diamond_sword":19,"minecraft:netherite_leggings":1,"minecraft:bucket":4,"minecraft:netherite_helmet":1,"minecraft:enchanted_golden_apple":26,"minecraft:splash_potion":3,"minecraft:experience_bottle":79}},"DataVersion":2975}