{"stats":{"minecraft:mined":{"minecraft:cobweb":1},"minecraft:killed_by":{"minecraft:wolf":3,"minecraft:skeleton":1,"minecraft:spider":1,"minecraft:zombie":2},"minecraft:killed":{"minecraft:skeleton":6,"minecraft:wolf":4,"minecraft:zombie":14,"minecraft:spider":3,"minecraft:creeper":1,"minecraft:cow":1},"minecraft:picked_up":{"minecraft:splash_potion":2,"minecraft:light_gray_shulker_box":1,"minecraft:netherite_boots":1,"minecraft:yellow_shulker_box":9,"minecraft:stone":608,"minecraft:water_bucket":3,"minecraft:enchanted_book":2,"minecraft:shield":1,"minecraft:netherite_leggings":1,"minecraft:netherite_pickaxe":2,"minecraft:gray_shulker_box":1,"minecraft:experience_bottle":640,"minecraft:bow":1,"minecraft:netherite_helmet":1,"minecraft:netherite_sword":1,"minecraft:netherite_axe":2,"minecraft:enchanted_golden_apple":132,"minecraft:totem_of_undying":1,"minecraft:ender_pearl":3},"minecraft:dropped":{"minecraft:enchanted_book":12,"minecraft:netherite_pickaxe":2,"minecraft:stone":160,"minecraft:light_gray_shulker_box":1,"minecraft:netherite_sword":1,"minecraft:netherite_boots":1,"minecraft:netherite_helmet":1,"minecraft:yellow_shulker_box":10,"minecraft:gray_shulker_box":1,"minecraft:splash_potion":1,"minecraft:totem_of_undying":1,"minecraft:bucket":1,"minecraft:netherite_leggings":1},"minecraft:custom":{"minecraft:time_since_rest":554,"minecraft:damage_absorbed":10987,"minecraft:sprint_one_cm":113566,"minecraft:damage_taken":2147483647,"minecraft:walk_one_cm":121406,"minecraft:damage_blocked_by_shield":3500,"minecraft:mob_kills":29,"minecraft:drop":37,"minecraft:damage_dealt":8435,"minecraft:damage_dealt_absorbed":3,"minecraft:swim_one_cm":74404,"minecraft:fly_one_cm":256957,"minecraft:open_barrel":10,"minecraft:crouch_one_cm":3420,"minecraft:play_time":56115,"minecraft:deaths":21,"minecraft:sneak_time":1571,"minecraft:walk_under_water_one_cm":37751,"minecraft:jump":688,"minecraft:leave_game":1,"minecraft:time_since_death":533,"minecraft:walk_on_water_one_cm":23982,"minecraft:total_world_time":56115,"minecraft:climb_one_cm":2774,"minecraft:damage_resisted":1006652257,"minecraft:fall_one_cm":97348},"minecraft:used":{"minecraft:water_bucket":14,"minecraft:netherite_sword":70,"minecraft:lava_bucket":1,"minecraft:ender_pearl":28,"minecraft:shield":1,"minecraft:totem_of_undying":81,"minecraft:golden_apple":15,"minecraft:bow":68,"minecraft:pufferfish_bucket":1,"minecraft:bucket":14,"minecraft:enchanted_golden_apple":51,"minecraft:trident":7}},"DataVersion":2975}