{"stats":{"minecraft:crafted":{"minecraft:spruce_planks":16},"minecraft:used":{"minecraft:dirt":8},"minecraft:custom":{"minecraft:time_since_rest":10798,"minecraft:crouch_one_cm":497,"minecraft:play_time":14774,"minecraft:sprint_one_cm":20360,"minecraft:walk_one_cm":16415,"minecraft:damage_taken":650,"minecraft:deaths":2,"minecraft:sneak_time":327,"minecraft:walk_under_water_one_cm":1846,"minecraft:mob_kills":1,"minecraft:jump":223,"minecraft:damage_dealt":307,"minecraft:leave_game":1,"minecraft:time_since_death":10768,"minecraft:walk_on_water_one_cm":4108,"minecraft:total_world_time":14774,"minecraft:swim_one_cm":2734,"minecraft:fall_one_cm":7074,"minecraft:fly_one_cm":42754},"minecraft:killed":{"minecraft:drowned":1},"minecraft:picked_up":{"minecraft:stick":1,"minecraft:wheat_seeds":1,"weaponmaster:tutorialbook":1,"minecraft:spruce_log":4,"minecraft:dirt":9},"minecraft:mined":{"minecraft:large_fern":2,"minecraft:grass_block":1,"minecraft:dirt":5,"minecraft:spruce_log":4,"minecraft:spruce_leaves":3},"minecraft:killed_by":{"minecraft:skeleton":1,"minecraft:spider":1}},"DataVersion":3120}