{"stats":{"minecraft:mined":{"minecraft:stone":5},"minecraft:killed_by":{"minecraft:player":1,"minecraft:wolf":1,"minecraft:creeper":4,"minecraft:spider":1},"minecraft:killed":{"minecraft:skeleton":9,"minecraft:wolf":27,"minecraft:zombie":10,"minecraft:silverfish":1,"minecraft:spider":4,"minecraft:creeper":4,"minecraft:cow":1},"minecraft:picked_up":{"minecraft:stone":64,"minecraft:yellow_shulker_box":24,"minecraft:splash_potion":1,"minecraft:light_gray_shulker_box":6,"minecraft:diamond_sword":1,"minecraft:enchanted_book":1,"minecraft:shield":3,"minecraft:netherite_leggings":2,"minecraft:gray_shulker_box":3,"minecraft:arrow":64,"minecraft:red_shulker_box":5,"minecraft:bow":3,"minecraft:netherite_sword":4,"minecraft:diamond_axe":2,"minecraft:totem_of_undying":11,"minecraft:ender_pearl":55},"minecraft:broken":{"minecraft:netherite_helmet":1,"minecraft:netherite_chestplate":1,"minecraft:netherite_leggings":1,"minecraft:netherite_boots":1},"minecraft:dropped":{"minecraft:enchanted_book":1,"minecraft:water_bucket":3,"minecraft:red_shulker_box":6,"minecraft:netherite_pickaxe":2,"minecraft:stone":320,"minecraft:shield":8,"minecraft:diamond_axe":2,"minecraft:ender_pearl":64,"minecraft:light_gray_shulker_box":7,"minecraft:netherite_sword":4,"minecraft:experience_bottle":192,"minecraft:netherite_axe":1,"minecraft:yellow_shulker_box":41,"minecraft:green_shulker_box":2,"minecraft:arrow":317,"minecraft:gray_shulker_box":4,"minecraft:bow":5,"minecraft:white_shulker_box":1,"minecraft:totem_of_undying":16,"minecraft:light_blue_shulker_box":1,"minecraft:netherite_leggings":1},"minecraft:custom":{"minecraft:time_since_rest":650,"minecraft:damage_absorbed":27217,"minecraft:sprint_one_cm":296519,"minecraft:damage_taken":2147483647,"minecraft:walk_one_cm":101939,"minecraft:mob_kills":56,"minecraft:drop":122,"minecraft:damage_dealt":14183,"minecraft:damage_dealt_absorbed":51,"minecraft:swim_one_cm":366,"minecraft:fly_one_cm":574737,"minecraft:crouch_one_cm":1645,"minecraft:play_time":77475,"minecraft:deaths":7,"minecraft:sneak_time":1367,"minecraft:walk_under_water_one_cm":115,"minecraft:jump":2149,"minecraft:leave_game":1,"minecraft:time_since_death":630,"minecraft:walk_on_water_one_cm":10173,"minecraft:total_world_time":77475,"minecraft:damage_resisted":2013289414,"minecraft:fall_one_cm":145281},"minecraft:used":{"minecraft:netherite_sword":90,"minecraft:water_bucket":4,"minecraft:netherite_chestplate":1,"minecraft:ender_pearl":74,"minecraft:totem_of_undying":256,"minecraft:bow":3,"minecraft:netherite_boots":1,"minecraft:diamond_sword":14,"minecraft:golden_apple":22,"minecraft:netherite_leggings":1,"minecraft:netherite_pickaxe":5,"minecraft:bucket":4,"minecraft:netherite_helmet":1,"minecraft:enchanted_golden_apple":59,"minecraft:splash_potion":3,"minecraft:experience_bottle":185}},"DataVersion":2975}