{"stats":{"minecraft:killed_by":{"minecraft:cow":1,"minecraft:skeleton":2,"minecraft:zombie":2},"minecraft:killed":{"minecraft:skeleton":6,"minecraft:wolf":6,"minecraft:zombie":17,"minecraft:endermite":1,"minecraft:spider":4,"minecraft:cow":2},"minecraft:picked_up":{"minecraft:splash_potion":1,"minecraft:yellow_shulker_box":7,"minecraft:stone":128,"minecraft:lava_bucket":1,"minecraft:enchanted_book":5,"minecraft:netherite_pickaxe":1,"minecraft:gray_shulker_box":1,"minecraft:string":3,"minecraft:arrow":44,"minecraft:slime_ball":3,"minecraft:bow":1,"minecraft:netherite_sword":1,"minecraft:golden_apple":58,"minecraft:totem_of_undying":3,"minecraft:cobblestone":3,"minecraft:ender_pearl":1},"minecraft:dropped":{"minecraft:enchanted_book":9,"minecraft:lava_bucket":1,"minecraft:red_shulker_box":1,"minecraft:stone":64,"minecraft:lime_shulker_box":2,"minecraft:light_gray_shulker_box":2,"minecraft:netherite_helmet":1,"minecraft:netherite_chestplate":1,"minecraft:netherite_boots":1,"minecraft:yellow_shulker_box":19,"minecraft:cobblestone":3,"minecraft:green_shulker_box":1,"minecraft:slime_ball":3,"minecraft:string":3,"minecraft:white_shulker_box":1,"minecraft:fishing_rod":1,"minecraft:splash_potion":3,"minecraft:netherite_leggings":1},"minecraft:custom":{"minecraft:time_since_rest":2479,"minecraft:damage_absorbed":29334,"minecraft:damage_taken":2147483647,"minecraft:sprint_one_cm":283069,"minecraft:walk_one_cm":191753,"minecraft:damage_blocked_by_shield":4655,"minecraft:mob_kills":38,"minecraft:drop":49,"minecraft:damage_dealt":11889,"minecraft:swim_one_cm":78911,"minecraft:fly_one_cm":792701,"minecraft:open_barrel":30,"minecraft:crouch_one_cm":2989,"minecraft:play_time":94389,"minecraft:deaths":11,"minecraft:sneak_time":1375,"minecraft:walk_under_water_one_cm":62530,"minecraft:jump":2075,"minecraft:leave_game":4,"minecraft:walk_on_water_one_cm":8370,"minecraft:time_since_death":2475,"minecraft:total_world_time":94389,"minecraft:damage_resisted":1610697787,"minecraft:fall_one_cm":274708},"minecraft:used":{"minecraft:netherite_sword":83,"minecraft:netherite_chestplate":1,"minecraft:ender_pearl":60,"minecraft:shield":18,"minecraft:stone":28,"minecraft:totem_of_undying":286,"minecraft:netherite_boots":1,"minecraft:bow":14,"minecraft:netherite_leggings":1,"minecraft:netherite_helmet":1,"minecraft:lingering_potion":2,"minecraft:enchanted_golden_apple":76}},"DataVersion":2975}