{"stats":{"minecraft:killed_by":{"minecraft:player":1,"minecraft:cow":2,"minecraft:skeleton":2,"minecraft:zombie":5},"minecraft:killed":{"minecraft:wolf":9,"minecraft:zombie":34,"minecraft:spider":8,"minecraft:endermite":1,"minecraft:slime":5,"minecraft:cow":4,"minecraft:skeleton":12},"minecraft:picked_up":{"minecraft:lime_shulker_box":1,"minecraft:netherite_boots":1,"minecraft:yellow_shulker_box":12,"minecraft:splash_potion":1,"minecraft:stone":128,"minecraft:light_gray_shulker_box":2,"minecraft:lava_bucket":1,"minecraft:enchanted_book":5,"minecraft:netherite_pickaxe":1,"minecraft:gray_shulker_box":3,"minecraft:string":3,"minecraft:red_shulker_box":5,"minecraft:arrow":44,"minecraft:slime_ball":3,"minecraft:bow":1,"minecraft:netherite_sword":2,"minecraft:pufferfish_bucket":1,"minecraft:golden_apple":103,"minecraft:totem_of_undying":12,"minecraft:enchanted_golden_apple":32,"minecraft:cobblestone":3,"minecraft:ender_pearl":13},"minecraft:dropped":{"minecraft:lava_bucket":1,"minecraft:enchanted_book":9,"minecraft:red_shulker_box":7,"minecraft:stone":64,"minecraft:ender_pearl":10,"minecraft:lime_shulker_box":4,"minecraft:light_gray_shulker_box":5,"minecraft:netherite_chestplate":1,"minecraft:netherite_boots":2,"minecraft:netherite_helmet":1,"minecraft:yellow_shulker_box":32,"minecraft:cobblestone":3,"minecraft:pufferfish_bucket":1,"minecraft:black_shulker_box":1,"minecraft:green_shulker_box":2,"minecraft:slime_ball":3,"minecraft:gray_shulker_box":3,"minecraft:white_shulker_box":2,"minecraft:string":3,"minecraft:fishing_rod":1,"minecraft:splash_potion":3,"minecraft:light_blue_shulker_box":1,"minecraft:golden_apple":29,"minecraft:netherite_leggings":1},"minecraft:custom":{"minecraft:time_since_rest":22,"minecraft:damage_absorbed":43876,"minecraft:sprint_one_cm":498306,"minecraft:damage_taken":2147483647,"minecraft:walk_one_cm":341598,"minecraft:damage_blocked_by_shield":5190,"minecraft:mob_kills":75,"minecraft:drop":84,"minecraft:damage_dealt":28319,"minecraft:swim_one_cm":78911,"minecraft:fly_one_cm":1690638,"minecraft:open_barrel":30,"minecraft:crouch_one_cm":7456,"minecraft:play_time":177342,"minecraft:deaths":17,"minecraft:sneak_time":3166,"minecraft:walk_under_water_one_cm":62530,"minecraft:jump":4295,"minecraft:leave_game":6,"minecraft:walk_on_water_one_cm":8804,"minecraft:time_since_death":0,"minecraft:climb_one_cm":453,"minecraft:total_world_time":177342,"minecraft:damage_resisted":2013364294,"minecraft:fall_one_cm":460233},"minecraft:used":{"minecraft:netherite_sword":194,"minecraft:netherite_chestplate":2,"minecraft:ender_pearl":99,"minecraft:shield":23,"minecraft:stone":28,"minecraft:totem_of_undying":418,"minecraft:diamond_sword":13,"minecraft:netherite_boots":2,"minecraft:golden_apple":13,"minecraft:bow":75,"minecraft:netherite_leggings":2,"minecraft:netherite_helmet":2,"minecraft:lingering_potion":2,"minecraft:enchanted_golden_apple":114}},"DataVersion":2975}