{"stats":{"minecraft:killed_by":{"minecraft:skeleton":1,"minecraft:zombie":4},"minecraft:killed":{"minecraft:skeleton":3,"minecraft:wolf":6,"minecraft:zombie":8,"minecraft:spider":5,"minecraft:creeper":2,"minecraft:enderman":1,"minecraft:cow":1},"minecraft:picked_up":{"minecraft:stone":64,"minecraft:yellow_shulker_box":7,"minecraft:light_blue_shulker_box":2,"minecraft:shield":1,"minecraft:green_shulker_box":3,"minecraft:red_shulker_box":3,"minecraft:slime_ball":2,"minecraft:netherite_helmet":1,"minecraft:golden_apple":73,"minecraft:totem_of_undying":8,"minecraft:white_shulker_box":2,"minecraft:ender_pearl":42},"minecraft:broken":{"minecraft:netherite_helmet":1,"minecraft:netherite_chestplate":1,"minecraft:netherite_leggings":1,"minecraft:netherite_boots":1},"minecraft:dropped":{"minecraft:enchanted_book":1,"minecraft:red_shulker_box":4,"minecraft:netherite_pickaxe":1,"minecraft:stone":192,"minecraft:shield":2,"minecraft:lime_shulker_box":1,"minecraft:light_gray_shulker_box":1,"minecraft:yellow_shulker_box":20,"minecraft:experience_bottle":448,"minecraft:black_shulker_box":1,"minecraft:slime_ball":2,"minecraft:green_shulker_box":4,"minecraft:gray_shulker_box":2,"minecraft:arrow":1,"minecraft:white_shulker_box":4,"minecraft:totem_of_undying":7,"minecraft:splash_potion":2,"minecraft:light_blue_shulker_box":3,"minecraft:golden_apple":12},"minecraft:custom":{"minecraft:time_since_rest":144,"minecraft:damage_absorbed":26198,"minecraft:sprint_one_cm":252823,"minecraft:walk_one_cm":90061,"minecraft:damage_taken":2147483647,"minecraft:damage_blocked_by_shield":4165,"minecraft:mob_kills":28,"minecraft:drop":72,"minecraft:damage_dealt":12580,"minecraft:damage_dealt_absorbed":23,"minecraft:swim_one_cm":3605,"minecraft:fly_one_cm":855032,"minecraft:player_kills":4,"minecraft:crouch_one_cm":1030,"minecraft:play_time":97089,"minecraft:deaths":6,"minecraft:sneak_time":597,"minecraft:walk_under_water_one_cm":774,"minecraft:jump":2917,"minecraft:leave_game":2,"minecraft:time_since_death":123,"minecraft:walk_on_water_one_cm":3904,"minecraft:total_world_time":97089,"minecraft:damage_resisted":2147483647,"minecraft:fall_one_cm":232050},"minecraft:used":{"minecraft:netherite_sword":142,"minecraft:ender_pearl":104,"minecraft:shield":2,"minecraft:stone":10,"minecraft:totem_of_undying":237,"minecraft:diamond_sword":15,"minecraft:golden_apple":20,"minecraft:enchanted_golden_apple":78,"minecraft:experience_bottle":119}},"DataVersion":2975}