{"stats":{"minecraft:killed_by":{"minecraft:cow":1,"minecraft:slime":1,"minecraft:zombie":1},"minecraft:killed":{"minecraft:skeleton":1,"minecraft:wolf":6,"minecraft:zombie":2,"minecraft:creeper":1,"minecraft:cow":1},"minecraft:picked_up":{"minecraft:yellow_shulker_box":9,"minecraft:stone":281,"minecraft:light_gray_shulker_box":4,"minecraft:water_bucket":1,"minecraft:enchanted_book":2,"minecraft:netherite_pickaxe":1,"minecraft:green_shulker_box":1,"minecraft:string":10,"minecraft:netherite_sword":1,"minecraft:bucket":1,"minecraft:totem_of_undying":1,"minecraft:cobblestone":6},"minecraft:dropped":{"minecraft:enchanted_book":3,"minecraft:red_shulker_box":2,"minecraft:netherite_pickaxe":1,"minecraft:stone":384,"minecraft:lime_shulker_box":1,"minecraft:light_gray_shulker_box":6,"minecraft:netherite_sword":1,"minecraft:yellow_shulker_box":18,"minecraft:cobblestone":6,"minecraft:green_shulker_box":2,"minecraft:gray_shulker_box":1,"minecraft:string":10,"minecraft:bucket":1},"minecraft:custom":{"minecraft:time_since_rest":4076,"minecraft:damage_absorbed":20004,"minecraft:damage_taken":2147483647,"minecraft:sprint_one_cm":211892,"minecraft:walk_one_cm":107202,"minecraft:mob_kills":11,"minecraft:drop":51,"minecraft:damage_dealt":1789,"minecraft:swim_one_cm":210508,"minecraft:fly_one_cm":409535,"minecraft:crouch_one_cm":14053,"minecraft:play_time":79182,"minecraft:deaths":5,"minecraft:sneak_time":4169,"minecraft:walk_under_water_one_cm":142214,"minecraft:jump":1372,"minecraft:leave_game":3,"minecraft:time_since_death":4072,"minecraft:walk_on_water_one_cm":6918,"minecraft:total_world_time":79182,"minecraft:damage_resisted":1409337112,"minecraft:fall_one_cm":1402886},"minecraft:used":{"minecraft:trident":35,"minecraft:netherite_sword":18,"minecraft:ender_pearl":34,"minecraft:stone":390,"minecraft:totem_of_undying":176,"minecraft:bow":96,"minecraft:lingering_potion":2,"minecraft:enchanted_golden_apple":77}},"DataVersion":2975}