{"stats":{"minecraft:mined":{"minecraft:cobweb":8,"minecraft:stone":9},"minecraft:killed_by":{"minecraft:wolf":1,"minecraft:silverfish":1,"minecraft:skeleton":1,"minecraft:creeper":3,"minecraft:spider":2,"minecraft:zombie":2,"minecraft:iron_golem":1,"minecraft:cow":1},"minecraft:killed":{"minecraft:wolf":27,"minecraft:spider":10,"minecraft:slime":3,"minecraft:creeper":1,"minecraft:skeleton":13,"minecraft:zombie":33,"minecraft:silverfish":3,"minecraft:cow":6},"minecraft:picked_up":{"minecraft:netherite_boots":3,"minecraft:yellow_shulker_box":7,"minecraft:splash_potion":2,"minecraft:water_bucket":1,"minecraft:enchanted_book":1,"minecraft:netherite_leggings":3,"minecraft:string":4,"minecraft:experience_bottle":128,"minecraft:bone":7,"minecraft:enchanted_golden_apple":306,"minecraft:lime_shulker_box":1,"minecraft:stone":64,"minecraft:netherite_pickaxe":1,"minecraft:gray_shulker_box":1,"minecraft:arrow":3,"minecraft:netherite_helmet":3,"minecraft:totem_of_undying":1,"minecraft:netherite_chestplate":3},"minecraft:dropped":{"minecraft:water_bucket":3,"minecraft:enchanted_book":6,"minecraft:netherite_pickaxe":1,"minecraft:lime_shulker_box":2,"minecraft:netherite_sword":1,"minecraft:netherite_helmet":4,"minecraft:netherite_axe":1,"minecraft:netherite_chestplate":4,"minecraft:experience_bottle":128,"minecraft:enchanted_golden_apple":306,"minecraft:green_shulker_box":1,"minecraft:white_shulker_box":1,"minecraft:totem_of_undying":18,"minecraft:shears":1,"minecraft:netherite_leggings":4,"minecraft:red_shulker_box":2,"minecraft:stone":491,"minecraft:shield":2,"minecraft:light_gray_shulker_box":2,"minecraft:netherite_boots":4,"minecraft:yellow_shulker_box":25,"minecraft:gray_shulker_box":3,"minecraft:arrow":4,"minecraft:string":2,"minecraft:fishing_rod":1,"minecraft:bucket":2,"minecraft:bone":5},"minecraft:custom":{"minecraft:mob_kills":107,"minecraft:open_barrel":22,"minecraft:leave_game":2,"minecraft:time_since_death":3272,"minecraft:damage_resisted":805334056,"minecraft:climb_one_cm":1104,"minecraft:time_since_rest":3276,"minecraft:damage_absorbed":22364,"minecraft:sprint_one_cm":438196,"minecraft:damage_taken":2147483647,"minecraft:walk_one_cm":226796,"minecraft:drop":110,"minecraft:damage_dealt":32720,"minecraft:swim_one_cm":361011,"minecraft:fly_one_cm":580288,"minecraft:crouch_one_cm":6081,"minecraft:play_time":92243,"minecraft:deaths":15,"minecraft:sneak_time":2064,"minecraft:walk_under_water_one_cm":78790,"minecraft:jump":1351,"minecraft:walk_on_water_one_cm":11142,"minecraft:total_world_time":92243,"minecraft:fall_one_cm":341920},"minecraft:used":{"minecraft:water_bucket":2,"minecraft:trident":47,"minecraft:netherite_sword":217,"minecraft:ender_pearl":16,"minecraft:stone":237,"minecraft:lingering_potion":2,"minecraft:totem_of_undying":214,"minecraft:bow":16,"minecraft:netherite_pickaxe":9,"minecraft:enchanted_golden_apple":49,"minecraft:splash_potion":2,"minecraft:experience_bottle":22}},"DataVersion":2975}