{"stats":{"minecraft:mined":{"minecraft:cobweb":10,"minecraft:stone":9},"minecraft:killed_by":{"minecraft:wolf":1,"minecraft:silverfish":1,"minecraft:skeleton":1,"minecraft:creeper":3,"minecraft:spider":2,"minecraft:zombie":7,"minecraft:iron_golem":2,"minecraft:cow":1},"minecraft:killed":{"minecraft:wolf":30,"minecraft:spider":21,"minecraft:slime":4,"minecraft:creeper":2,"minecraft:skeleton":24,"minecraft:zombie":60,"minecraft:silverfish":14,"minecraft:cow":8},"minecraft:picked_up":{"minecraft:netherite_boots":4,"minecraft:yellow_shulker_box":18,"minecraft:splash_potion":2,"minecraft:water_bucket":2,"minecraft:enchanted_book":2,"minecraft:shield":2,"minecraft:netherite_leggings":4,"minecraft:string":9,"minecraft:experience_bottle":320,"minecraft:bone":8,"minecraft:diamond_leggings":1,"minecraft:black_shulker_box":1,"minecraft:netherite_sword":4,"minecraft:diamond_helmet":1,"minecraft:enchanted_golden_apple":1133,"minecraft:lime_shulker_box":1,"minecraft:stone":64,"minecraft:netherite_pickaxe":2,"minecraft:gray_shulker_box":2,"minecraft:red_shulker_box":2,"minecraft:arrow":3,"minecraft:diamond_chestplate":1,"minecraft:netherite_helmet":4,"minecraft:diamond_boots":1,"minecraft:totem_of_undying":10,"minecraft:netherite_chestplate":4,"minecraft:cobblestone":2,"minecraft:ender_pearl":43},"minecraft:broken":{"minecraft:netherite_helmet":1},"minecraft:dropped":{"minecraft:enchanted_book":7,"minecraft:water_bucket":3,"minecraft:netherite_pickaxe":2,"minecraft:lime_shulker_box":2,"minecraft:netherite_sword":6,"minecraft:diamond_leggings":1,"minecraft:netherite_chestplate":6,"minecraft:netherite_axe":1,"minecraft:netherite_helmet":6,"minecraft:experience_bottle":192,"minecraft:cobblestone":2,"minecraft:enchanted_golden_apple":1202,"minecraft:green_shulker_box":2,"minecraft:white_shulker_box":2,"minecraft:totem_of_undying":30,"minecraft:shears":2,"minecraft:netherite_leggings":6,"minecraft:red_shulker_box":5,"minecraft:stone":747,"minecraft:shield":4,"minecraft:diamond_chestplate":1,"minecraft:light_gray_shulker_box":3,"minecraft:yellow_shulker_box":44,"minecraft:netherite_boots":6,"minecraft:diamond_helmet":1,"minecraft:black_shulker_box":2,"minecraft:diamond_boots":1,"minecraft:gray_shulker_box":5,"minecraft:arrow":68,"minecraft:bow":1,"minecraft:string":3,"minecraft:fishing_rod":1,"minecraft:bucket":3,"minecraft:bone":5},"minecraft:custom":{"minecraft:mob_kills":174,"minecraft:open_barrel":22,"minecraft:damage_dealt_resisted":38560,"minecraft:leave_game":4,"minecraft:time_since_death":0,"minecraft:damage_resisted":1610663635,"minecraft:climb_one_cm":6207,"minecraft:time_since_rest":22,"minecraft:damage_absorbed":36088,"minecraft:sprint_one_cm":668195,"minecraft:damage_taken":2147483647,"minecraft:walk_one_cm":348915,"minecraft:damage_blocked_by_shield":4440,"minecraft:drop":199,"minecraft:damage_dealt":66488,"minecraft:damage_dealt_absorbed":0,"minecraft:swim_one_cm":361862,"minecraft:fly_one_cm":1201093,"minecraft:crouch_one_cm":11375,"minecraft:play_time":159612,"minecraft:deaths":21,"minecraft:sneak_time":4468,"minecraft:walk_under_water_one_cm":79163,"minecraft:jump":2654,"minecraft:walk_on_water_one_cm":40367,"minecraft:total_world_time":159612,"minecraft:fall_one_cm":468716},"minecraft:used":{"minecraft:trident":47,"minecraft:water_bucket":15,"minecraft:netherite_sword":427,"minecraft:netherite_chestplate":2,"minecraft:ender_pearl":40,"minecraft:shield":17,"minecraft:stone":296,"minecraft:netherite_leggings":2,"minecraft:netherite_helmet":2,"minecraft:lingering_potion":2,"minecraft:totem_of_undying":322,"minecraft:netherite_boots":1,"minecraft:bow":30,"minecraft:bucket":11,"minecraft:netherite_pickaxe":9,"minecraft:enchanted_golden_apple":89,"minecraft:splash_potion":2,"minecraft:experience_bottle":86}},"DataVersion":2975}